{"cameraMode":{"drawMode":0,"name":"Shaded","section":"Shading Mode"},"sceneLighting":true,"audioPlay":false,"sceneViewState":{"m_AlwaysRefresh":false,"showFog":true,"showSkybox":true,"showFlares":true,"showImageEffects":true,"showParticleSystems":true,"showVisualEffectGraphs":true,"m_FxEnabled":true},"in2DMode":false,"pivot":{"x":-70.10868072509766,"y":11.896743774414063,"z":17.47773551940918},"rotation":{"x":0.33675721287727358,"y":0.014137312769889832,"z":-0.005019993055611849,"w":0.9415045380592346},"size":0.32638832926750185,"orthographic":false}